nom,categorie,sous_type,source,channel_id_connu,note
28 minutes - ARTE,media_traditionnel,talk_show,Lausanne 2025 (table 14),,
AFP,media_traditionnel,presse_nationale,Lausanne 2025 (table 14),,
ARTE,media_traditionnel,tv_radio,Lausanne 2025 (table 14),,
C dans l'air,media_traditionnel,talk_show,Lausanne 2025 (table 14),,
C à vous,media_traditionnel,talk_show,Lausanne 2025 (table 14),,
FRANCE 24,media_traditionnel,info_continu,Lausanne 2025 (table 14),,
France Inter,media_traditionnel,tv_radio,Lausanne 2025 (table 14),,
LCP,media_traditionnel,tv_radio,Lausanne 2025 (table 14),UCHGFbA0KWBgf6gMbyUCZeCQ,
Le Monde,media_traditionnel,presse_nationale,Lausanne 2025 (table 14),,
Le Nouvel Obs,media_traditionnel,presse_nationale,Lausanne 2025 (table 14),,
Libération,media_traditionnel,presse_nationale,Lausanne 2025 (table 14),,
Marianne,media_traditionnel,presse_nationale,Lausanne 2025 (table 14),UC4V5osIDMjFwtCRxMm2e0LA,
Public Sénat,media_traditionnel,tv_radio,Lausanne 2025 (table 14),,
RFI,media_traditionnel,tv_radio,Lausanne 2025 (table 14),,
RTL,media_traditionnel,tv_radio,Lausanne 2025 (table 14),,
TF1 INFO,media_traditionnel,tv_radio,Lausanne 2025 (table 14),,
TV5MONDE Info,media_traditionnel,info_continu,Lausanne 2025 (table 14),,
euronews (en français),media_traditionnel,info_continu,Lausanne 2025 (table 14),UCW2QcKZiU8aUGg4yxCIditg,
franceinfo,media_traditionnel,info_continu,Lausanne 2025 (table 14),,
BFMTV,media_traditionnel,info_continu,Lausanne 2025 (table 14),,
CNEWS,media_traditionnel,info_continu,Lausanne 2025 (table 14),UCXKJrYczY2_fJEZgFPGY0HQ,
Europe 1,media_traditionnel,tv_radio,Lausanne 2025 (table 14),UCIMGfEAERXjmWwQeg15BFsg,
LCI,media_traditionnel,info_continu,Lausanne 2025 (table 14),UCewhc0fvja891XkpIPGRMxQ,
L'Express,media_traditionnel,presse_nationale,Lausanne 2025 (table 14),UCp2kK3DyhpgFOdILF3BBC9A,
Le Figaro,media_traditionnel,presse_nationale,Lausanne 2025 (table 14),,
Le Parisien,media_traditionnel,presse_nationale,Lausanne 2025 (table 14),,
Le Point,media_traditionnel,presse_nationale,Lausanne 2025 (table 14),,
Les Echos,media_traditionnel,presse_nationale,Lausanne 2025 (table 14),,
RMC,media_traditionnel,tv_radio,Lausanne 2025 (table 14),,
Sud Radio,media_traditionnel,tv_radio,Lausanne 2025 (table 14),,
VA Plus,media_traditionnel,presse_nationale,Lausanne 2025 (table 14),,
Journal l'Humanité,media_traditionnel,presse_nationale,Lausanne 2025 (table 14),UCar0yo-PpeMk51m116826pQ,
BLAST,media_natif,pure_player,Lausanne 2025 (table 14),,
Le Média,media_natif,pure_player,Lausanne 2025 (table 14),,
Mediapart,media_natif,pure_player,Lausanne 2025 (table 14),UCdnaDhU-LDQrIEEmSIfq0-Q,Sans édition papier : natif selon la règle d'origine
LeHuffPost,media_natif,pure_player,Lausanne 2025 (table 14),,
Brut,media_natif,pure_player,Choix éditorial v1 (publié dans la méthodologie),,
Le Crayon,media_natif,pure_player,Choix éditorial v1 (publié dans la méthodologie),UCbXWhsd805LfcbAy7xL9d-A,
Pure Politique,media_natif,pure_player,Choix éditorial v1 (publié dans la méthodologie),UCYkZbyXcVmtdRUpCBi713vw,
Les Incorrectibles,media_natif,pure_player,Choix éditorial v1 (publié dans la méthodologie),UCq-CfAlGjCuXyBVTzQgWYRg,
ÉLUCID,media_natif,pure_player,Choix éditorial v1 (publié dans la méthodologie),UCkgO4A3Fzm5D9Xu1Y_4vCKQ,
TVL (TV Libertés),media_natif,pure_player,Choix éditorial v1 (publié dans la méthodologie),,Chaîne principale ; à défaut TVL - Format court (UCtuNCZ7wy9CqGh0mKtDvDsQ)
Frontières,media_natif,pure_player,Choix éditorial v1 (publié dans la méthodologie),,Ex-Livre Noir : vérifier la chaîne officielle
Thinkerview,media_natif,pure_player,Choix éditorial v1 (publié dans la méthodologie),,
La PaduTeam,media_natif,pure_player,Choix éditorial v1 (publié dans la méthodologie),,
HugoDécrypte - Actus du jour,media_natif,createur,Choix éditorial v1 (publié dans la méthodologie) · AFP 31/05/2026,,
Gaspard G,media_natif,createur,Choix éditorial v1 (publié dans la méthodologie),UCI-8QMy9n3I5Pv6mTmXoAXA,
Sam Zirah,media_natif,createur,Choix éditorial v1 (publié dans la méthodologie) · AFP 31/05/2026,,
Grande Bavardeuse,media_natif,createur,Choix éditorial v1 (publié dans la méthodologie) · AFP 31/05/2026,,
Clément Viktorovitch,media_natif,createur,Choix éditorial v1 (publié dans la méthodologie),,
Jean Massiet Replay,media_natif,createur,Choix éditorial v1 (publié dans la méthodologie),,@JeanMassietReplay
Tatiana Ventôse,media_natif,createur,Choix éditorial v1 (publié dans la méthodologie),,
Simon Puech,media_natif,createur,Choix éditorial v1 (publié dans la méthodologie),UCMQSwUNSnMOP4IRysfeg8EA,
L'Esprit Critique,media_natif,createur,Choix éditorial v1 (publié dans la méthodologie),,Échouait au seuil d'activité (9/10) au dernier audit
Osons Causer,media_natif,createur,Choix éditorial v1 (publié dans la méthodologie),,Échouait au seuil d'activité au dernier audit
Le Raptor Dissident,media_natif,createur,Choix éditorial v1 (publié dans la méthodologie),,Échouait au seuil d'activité au dernier audit
La France insoumise,politique,parti,Assemblée nationale (parti représenté),UCKHKSD-yanY2ZwwU_4Tgf0w,
Parti socialiste,politique,parti,Assemblée nationale (parti représenté),,
Les Écologistes,politique,parti,Assemblée nationale (parti représenté),,
PCF,politique,parti,Assemblée nationale (parti représenté),,
Renaissance,politique,parti,Assemblée nationale (parti représenté),,
MoDem,politique,parti,Assemblée nationale (parti représenté),,
Horizons,politique,parti,Assemblée nationale (parti représenté),,"@Horizonsleparti si active, sinon « sans chaîne active »"
Les Républicains,politique,parti,Assemblée nationale (parti représenté),,
Rassemblement national,politique,parti,Assemblée nationale (parti représenté),,
UDR (Union des droites pour la République),politique,parti,Assemblée nationale (parti représenté),,
Jean-Luc Mélenchon,politique,personnalite,Candidat déclaré (à confirmer sur la liste LCP),UCk-_PEY3iC6DIGJKuoEe9bw,Hors liste LCP = retiré ; primaire PS : seul le vainqueur entre après le 17/10
Fabien Roussel,politique,personnalite,Candidat déclaré (à confirmer sur la liste LCP),,Hors liste LCP = retiré ; primaire PS : seul le vainqueur entre après le 17/10
Marine Tondelier,politique,personnalite,Candidat déclaré (à confirmer sur la liste LCP),,Hors liste LCP = retiré ; primaire PS : seul le vainqueur entre après le 17/10
Gabriel Attal,politique,personnalite,Candidat déclaré (à confirmer sur la liste LCP),,Hors liste LCP = retiré ; primaire PS : seul le vainqueur entre après le 17/10
Édouard Philippe,politique,personnalite,Candidat déclaré (à confirmer sur la liste LCP),,Hors liste LCP = retiré ; primaire PS : seul le vainqueur entre après le 17/10
Bruno Retailleau,politique,personnalite,Candidat déclaré (à confirmer sur la liste LCP),,Hors liste LCP = retiré ; primaire PS : seul le vainqueur entre après le 17/10
Marine Le Pen,politique,personnalite,Candidat déclaré (à confirmer sur la liste LCP),,Hors liste LCP = retiré ; primaire PS : seul le vainqueur entre après le 17/10
Éric Zemmour,politique,personnalite,Candidat déclaré (à confirmer sur la liste LCP),,Hors liste LCP = retiré ; primaire PS : seul le vainqueur entre après le 17/10
Florian Philippot,politique,personnalite,Candidat déclaré (à confirmer sur la liste LCP),,Hors liste LCP = retiré ; primaire PS : seul le vainqueur entre après le 17/10
Nicolas Dupont-Aignan,politique,personnalite,Candidat déclaré (à confirmer sur la liste LCP),UCfA5DnCDX3Ixy5QOAMGtBlA,Hors liste LCP = retiré ; primaire PS : seul le vainqueur entre après le 17/10
François Asselineau,politique,personnalite,Candidat déclaré (à confirmer sur la liste LCP),UCJEJTYYZkYjLnGCgRDqnIGA,Hors liste LCP = retiré ; primaire PS : seul le vainqueur entre après le 17/10
Nathalie Arthaud,politique,personnalite,Candidat déclaré (à confirmer sur la liste LCP),,Hors liste LCP = retiré ; primaire PS : seul le vainqueur entre après le 17/10
Delphine Batho,politique,personnalite,Candidat déclaré (à confirmer sur la liste LCP),,Hors liste LCP = retiré ; primaire PS : seul le vainqueur entre après le 17/10
Karim Bouamrane,politique,personnalite,Candidat déclaré (à confirmer sur la liste LCP),,Hors liste LCP = retiré ; primaire PS : seul le vainqueur entre après le 17/10
David Lisnard,politique,personnalite,Candidat déclaré (à confirmer sur la liste LCP),,Hors liste LCP = retiré ; primaire PS : seul le vainqueur entre après le 17/10
Olivier Becht,politique,personnalite,Candidat déclaré (à confirmer sur la liste LCP),,Hors liste LCP = retiré ; primaire PS : seul le vainqueur entre après le 17/10
Egger,politique,personnalite,Candidat déclaré (à confirmer sur la liste LCP),,Hors liste LCP = retiré ; primaire PS : seul le vainqueur entre après le 17/10
Mikolajczak,politique,personnalite,Candidat déclaré (à confirmer sur la liste LCP),,Hors liste LCP = retiré ; primaire PS : seul le vainqueur entre après le 17/10
Lalanne,politique,personnalite,Candidat déclaré (à confirmer sur la liste LCP),,Hors liste LCP = retiré ; primaire PS : seul le vainqueur entre après le 17/10
PRAXIS - Reprendre le pouvoir,media_natif,pure_player,Choix éditorial v1 (ajout du 01/10/2026),,@PraxisOfficiel ; ajouté par Tristan
