nom,categorie,sous_type,url,part_politique_fr_20_titres,verdict,raison
BLAST,media_natif,pure_player,@blastinfo,75%,entre,décision Tristan (01/10/2026) : tous les médias natifs de la liste v1 sauf Le Raptor et @FrontieresMedia
Le Média,media_natif,pure_player,https://www.youtube.com/channel/UCT67YOMntJxfRnO_9bXDpvw,75%,entre,décision Tristan (01/10/2026) : tous les médias natifs de la liste v1 sauf Le Raptor et @FrontieresMedia
Mediapart,media_natif,pure_player,https://www.youtube.com/channel/UCdnaDhU-LDQrIEEmSIfq0-Q,50%,entre,décision Tristan (01/10/2026) : tous les médias natifs de la liste v1 sauf Le Raptor et @FrontieresMedia
LeHuffPost,media_natif,pure_player,@LeHuffPost,20%,entre,décision Tristan (01/10/2026) : tous les médias natifs de la liste v1 sauf Le Raptor et @FrontieresMedia
Brut,media_natif,pure_player,@BrutFR,55%,entre,décision Tristan (01/10/2026) : tous les médias natifs de la liste v1 sauf Le Raptor et @FrontieresMedia
Le Crayon,media_natif,pure_player,https://www.youtube.com/channel/UCbXWhsd805LfcbAy7xL9d-A,50%,entre,décision Tristan (01/10/2026) : tous les médias natifs de la liste v1 sauf Le Raptor et @FrontieresMedia
Pure Politique,media_natif,pure_player,https://www.youtube.com/channel/UCYkZbyXcVmtdRUpCBi713vw,100%,entre,décision Tristan (01/10/2026) : tous les médias natifs de la liste v1 sauf Le Raptor et @FrontieresMedia
Les Incorrectibles,media_natif,pure_player,https://www.youtube.com/channel/UCq-CfAlGjCuXyBVTzQgWYRg,65%,entre,décision Tristan (01/10/2026) : tous les médias natifs de la liste v1 sauf Le Raptor et @FrontieresMedia
ÉLUCID,media_natif,pure_player,https://www.youtube.com/channel/UCkgO4A3Fzm5D9Xu1Y_4vCKQ,27%,entre,décision Tristan (01/10/2026) : tous les médias natifs de la liste v1 sauf Le Raptor et @FrontieresMedia
TVL (TV Libertés),media_natif,pure_player,https://www.youtube.com/channel/UCyamXi0qEQJghCjJbj__aWQ,45%,entre,décision Tristan (01/10/2026) : tous les médias natifs de la liste v1 sauf Le Raptor et @FrontieresMedia
Thinkerview,media_natif,pure_player,@thinkerview,14%,entre,décision Tristan (01/10/2026) : tous les médias natifs de la liste v1 sauf Le Raptor et @FrontieresMedia
La PaduTeam,media_natif,pure_player,@PaduTeam,95%,entre,décision Tristan (01/10/2026) : tous les médias natifs de la liste v1 sauf Le Raptor et @FrontieresMedia
HugoDécrypte - Actus du jour,media_natif,createur,@hugodecrypteactus,55%,entre,décision Tristan (01/10/2026) : tous les médias natifs de la liste v1 sauf Le Raptor et @FrontieresMedia
Gaspard G,media_natif,createur,https://www.youtube.com/channel/UCI-8QMy9n3I5Pv6mTmXoAXA,25%,entre,décision Tristan (01/10/2026) : tous les médias natifs de la liste v1 sauf Le Raptor et @FrontieresMedia
Sam Zirah,media_natif,createur,@samzirah,5%,entre,décision Tristan (01/10/2026) : tous les médias natifs de la liste v1 sauf Le Raptor et @FrontieresMedia
Grande Bavardeuse,media_natif,createur,@GrandeBavardeuse,5%,entre,décision Tristan (01/10/2026) : tous les médias natifs de la liste v1 sauf Le Raptor et @FrontieresMedia
Clément Viktorovitch,media_natif,createur,@Clemovitch,42%,entre,décision Tristan (01/10/2026) : tous les médias natifs de la liste v1 sauf Le Raptor et @FrontieresMedia
Jean Massiet Replay,media_natif,createur,@JeanMassietReplay,69%,entre,décision Tristan (01/10/2026) : tous les médias natifs de la liste v1 sauf Le Raptor et @FrontieresMedia
Tatiana Ventôse,media_natif,createur,@TatianaventoseTV,44%,entre,décision Tristan (01/10/2026) : tous les médias natifs de la liste v1 sauf Le Raptor et @FrontieresMedia
Simon Puech,media_natif,createur,https://www.youtube.com/channel/UCMQSwUNSnMOP4IRysfeg8EA,8%,entre,décision Tristan (01/10/2026) : tous les médias natifs de la liste v1 sauf Le Raptor et @FrontieresMedia
L'Esprit Critique,media_natif,createur,@lespritcritique,22%,entre,décision Tristan (01/10/2026) : tous les médias natifs de la liste v1 sauf Le Raptor et @FrontieresMedia
Osons Causer,media_natif,createur,@Osonscauser,33% (3 vidéos),entre,décision Tristan (01/10/2026) : tous les médias natifs de la liste v1 sauf Le Raptor et @FrontieresMedia
Le Raptor Dissident,media_natif,createur,@LeRaptor,-,réserve,aucune vidéo sur 90 jours ; écarté par Tristan (01/10/2026)
Frontières,media_natif,pure_player,@Frontieresoff,100%,entre,décision Tristan (01/10/2026) : tous les médias natifs de la liste v1 sauf Le Raptor et @FrontieresMedia
Frontières (candidat 2/2 : @FrontieresMedia),media_natif,pure_player,@FrontieresMedia,-,écartée,doublon de Frontières ; @Frontieresoff retenu par Tristan (01/10/2026)
La France insoumise,politique,parti,https://www.youtube.com/channel/UCKHKSD-yanY2ZwwU_4Tgf0w,,en attente,tableau d'audit (activité) non transmis
Parti socialiste,politique,parti,@partisocialiste,,en attente,tableau d'audit (activité) non transmis
Les Écologistes,politique,parti,@LesEcologistesFR,,en attente,tableau d'audit (activité) non transmis
PCF,politique,parti,https://www.youtube.com/channel/UCSwPcnzaMTuDcTgjRiJvZnw,,en attente,tableau d'audit (activité) non transmis
Renaissance,politique,parti,@parti-renaissance,,en attente,tableau d'audit (activité) non transmis
MoDem,politique,parti,@Mouvement.Democrate,,en attente,tableau d'audit (activité) non transmis
Horizons,politique,parti,@Horizonsleparti,,en attente,tableau d'audit (activité) non transmis
Les Républicains,politique,parti,https://www.youtube.com/channel/UC3Ma4tRFxx85oZI_XKVTPwg,,en attente,tableau d'audit (activité) non transmis
Rassemblement national,politique,parti,@RassemblementNationalOfficiel,,en attente,tableau d'audit (activité) non transmis
UDR (Union des droites pour la République),politique,parti,https://www.youtube.com/channel/UCzWh602__JIO6U445LSS4sw,,en attente,tableau d'audit (activité) non transmis
Jean-Luc Mélenchon,politique,personnalite,https://www.youtube.com/channel/UCk-_PEY3iC6DIGJKuoEe9bw,,en attente,tableau d'audit (activité) non transmis
Fabien Roussel,politique,personnalite,https://www.youtube.com/channel/UCHQbUAkpnkf_Yg6-xAqj-ZA,,en attente,tableau d'audit (activité) non transmis
Gabriel Attal,politique,personnalite,@gabriel_attal,,en attente,tableau d'audit (activité) non transmis
Édouard Philippe,politique,personnalite,@EdouardPhilippe,,en attente,tableau d'audit (activité) non transmis
Bruno Retailleau,politique,personnalite,@Bruno_Retailleau,,en attente,tableau d'audit (activité) non transmis
Marine Le Pen,politique,personnalite,@MarineLePenOfficiel,,en attente,tableau d'audit (activité) non transmis
Éric Zemmour,politique,personnalite,@EricZemmourOff,,en attente,tableau d'audit (activité) non transmis
Florian Philippot,politique,personnalite,@FLORIANPHILIPPOT1,,en attente,tableau d'audit (activité) non transmis
Nicolas Dupont-Aignan,politique,personnalite,https://www.youtube.com/channel/UCfA5DnCDX3Ixy5QOAMGtBlA,,en attente,tableau d'audit (activité) non transmis
François Asselineau,politique,personnalite,https://www.youtube.com/channel/UCJEJTYYZkYjLnGCgRDqnIGA,,en attente,tableau d'audit (activité) non transmis
Nathalie Arthaud,politique,personnalite,https://www.youtube.com/channel/UCZsh-MrJftAOP_-ZgRgLScw,,en attente,tableau d'audit (activité) non transmis
David Lisnard,politique,personnalite,@david_lisnard,,en attente,tableau d'audit (activité) non transmis
Olivier Becht,politique,personnalite,@OlivierBecht68,,en attente,tableau d'audit (activité) non transmis
Francis Lalanne,politique,personnalite,@FrancislalanneFrOfficiel,,en attente,tableau d'audit (activité) non transmis
Horizons (chaîne « Horizons » à vérifier),politique,parti,https://www.youtube.com/channel/UCoDttl6w1T-Stuw_pvNOvLA,,en attente,tableau d'audit (activité) non transmis
28 minutes - ARTE,media_traditionnel,talk_show,https://www.youtube.com/channel/UC8EzKGkEiusTm7g0mTfkWkg,,en attente,tableau d'audit (activité) non transmis
AFP,media_traditionnel,presse_nationale,@AFPfr,,en attente,tableau d'audit (activité) non transmis
ARTE,media_traditionnel,tv_radio,@arte,,en attente,tableau d'audit (activité) non transmis
C dans l'air,media_traditionnel,talk_show,@Cdanslairofficiel,,en attente,tableau d'audit (activité) non transmis
C à vous,media_traditionnel,talk_show,@cavousofficiel,,en attente,tableau d'audit (activité) non transmis
FRANCE 24,media_traditionnel,info_continu,@FRANCE24,,en attente,tableau d'audit (activité) non transmis
France Inter,media_traditionnel,tv_radio,@FranceInter,,en attente,tableau d'audit (activité) non transmis
LCP,media_traditionnel,tv_radio,https://www.youtube.com/channel/UCHGFbA0KWBgf6gMbyUCZeCQ,,en attente,tableau d'audit (activité) non transmis
Le Monde,media_traditionnel,presse_nationale,https://www.youtube.com/channel/UCYpRDnhk5H8h16jpS84uqsA,,en attente,tableau d'audit (activité) non transmis
Le Nouvel Obs,media_traditionnel,presse_nationale,@NouvelObs,,en attente,tableau d'audit (activité) non transmis
Libération,media_traditionnel,presse_nationale,@liberation,,en attente,tableau d'audit (activité) non transmis
Marianne,media_traditionnel,presse_nationale,https://www.youtube.com/channel/UC4V5osIDMjFwtCRxMm2e0LA,,en attente,tableau d'audit (activité) non transmis
Public Sénat,media_traditionnel,tv_radio,@publicsenat,,en attente,tableau d'audit (activité) non transmis
RFI,media_traditionnel,tv_radio,@RFI_Fr,,en attente,tableau d'audit (activité) non transmis
RTL,media_traditionnel,tv_radio,@rtl_france,,en attente,tableau d'audit (activité) non transmis
TF1 INFO,media_traditionnel,tv_radio,@TF1INFO,,en attente,tableau d'audit (activité) non transmis
TV5MONDE Info,media_traditionnel,info_continu,@TV5MONDEInfo,,en attente,tableau d'audit (activité) non transmis
euronews (en français),media_traditionnel,info_continu,https://www.youtube.com/channel/UCW2QcKZiU8aUGg4yxCIditg,,en attente,tableau d'audit (activité) non transmis
franceinfo,media_traditionnel,info_continu,@franceinfo,,en attente,tableau d'audit (activité) non transmis
BFMTV,media_traditionnel,info_continu,@BFMTV,,en attente,tableau d'audit (activité) non transmis
CNEWS,media_traditionnel,info_continu,https://www.youtube.com/channel/UCXKJrYczY2_fJEZgFPGY0HQ,,en attente,tableau d'audit (activité) non transmis
Europe 1,media_traditionnel,tv_radio,https://www.youtube.com/channel/UCIMGfEAERXjmWwQeg15BFsg,,en attente,tableau d'audit (activité) non transmis
LCI,media_traditionnel,info_continu,https://www.youtube.com/channel/UCewhc0fvja891XkpIPGRMxQ,,en attente,tableau d'audit (activité) non transmis
L'Express,media_traditionnel,presse_nationale,https://www.youtube.com/channel/UCp2kK3DyhpgFOdILF3BBC9A,,en attente,tableau d'audit (activité) non transmis
Le Figaro,media_traditionnel,presse_nationale,@LeFigaro,,en attente,tableau d'audit (activité) non transmis
Le Parisien,media_traditionnel,presse_nationale,@LeParisien,,en attente,tableau d'audit (activité) non transmis
Le Point,media_traditionnel,presse_nationale,@lepoint,,en attente,tableau d'audit (activité) non transmis
Les Echos,media_traditionnel,presse_nationale,@LesEchosTV,,en attente,tableau d'audit (activité) non transmis
RMC,media_traditionnel,tv_radio,@RMC,,en attente,tableau d'audit (activité) non transmis
Sud Radio,media_traditionnel,tv_radio,@SudRadioOfficiel,,en attente,tableau d'audit (activité) non transmis
VA Plus,media_traditionnel,presse_nationale,@VAplusmedia,,en attente,tableau d'audit (activité) non transmis
Journal l'Humanité,media_traditionnel,presse_nationale,https://www.youtube.com/channel/UCar0yo-PpeMk51m116826pQ,,en attente,tableau d'audit (activité) non transmis
