url,type,sous_type,critere,nom,confiance_handle
@JLMelenchon,politique,personnalite,Candidat déclaré (sélection : Référentiel partis / candidatures · Étude Univ. Lausanne 2025 (36 médias nationaux retenus)),Jean-Luc Mélenchon,haute
@EricZemmourOff,politique,personnalite,Candidat déclaré (sélection : Référentiel partis / candidatures · Étude Univ. Lausanne 2025 (36 médias nationaux retenus)),Éric Zemmour,moyenne
@MarineLePenOfficiel,politique,personnalite,Candidature : statut à vérifier (sélection : Référentiel partis / candidatures · Étude Univ. Lausanne 2025 (36 médias nationaux retenus)),Marine Le Pen,haute
@J_Bardella,politique,personnalite,Président d'un parti représenté à l'Assemblée (sélection : Référentiel partis / candidatures · Étude Univ. Lausanne 2025 (36 médias nationaux retenus)),Jordan Bardella,haute
https://www.youtube.com/channel/UCyVYj4HdtEbcMngyD6_OLzg,politique,personnalite,Candidat à la primaire PS et alliés (sélection : Référentiel partis / candidatures),Raphaël Glucksmann,moyenne
@gabriel_attal,politique,personnalite,Candidat déclaré (sélection : Référentiel partis / candidatures · Étude Univ. Lausanne 2025 (36 médias nationaux retenus)),Gabriel Attal,haute
@EdouardPhilippe,politique,personnalite,Candidat déclaré (sélection : Référentiel partis / candidatures),Édouard Philippe,haute
@Bruno_Retailleau,politique,personnalite,Candidat déclaré (sélection : Référentiel partis / candidatures),Bruno Retailleau,haute
https://www.youtube.com/channel/UCHQbUAkpnkf_Yg6-xAqj-ZA,politique,personnalite,Candidat déclaré (6 sept. 2026) (sélection : Référentiel partis / candidatures),Fabien Roussel,haute
@FLORIANPHILIPPOT1,politique,personnalite,Candidat déclaré (sélection : Référentiel partis / candidatures · Étude Univ. Lausanne 2025 (36 médias nationaux retenus)),Florian Philippot,haute
@f_asselineau,politique,personnalite,Candidat déclaré (sélection : Référentiel partis / candidatures · Étude Univ. Lausanne 2025 (36 médias nationaux retenus)),François Asselineau,haute
@dupontaignannicolas,politique,personnalite,Candidat déclaré (sélection : Référentiel partis / candidatures · Étude Univ. Lausanne 2025 (36 médias nationaux retenus)),Nicolas Dupont-Aignan,haute
